Row,Identifier 1,Identifier 2,Comment,Preparation,Method,Time Code,Amount,Peak Nr,Start,Width,Ampl  28,Area 28,BGD 28,d 15N/14N,Ampl  44,Area 44,d 13C/12C,BGD 44,BGD 45,BGD 46,R 29N2/28N2,R 45CO2/44CO2,R 46CO2/44CO2
1,Blue Grama semi micro loop,H8,UNM-CSI-2022-IsoCamp 2022-LO LBJ,standards,CN_C96 dilution,2022/06/25 15:22:49,2.113,1,76.5,52.5,2584,107.856,12.0,-1.154,,,,,,,0.0073479,,
1,Blue Grama semi micro loop,H8,UNM-CSI-2022-IsoCamp 2022-LO LBJ,standards,CN_C96 dilution,2022/06/25 15:22:49,2.113,2,165.7,52.5,2581,107.867,12.2,-1.25,,,,,,,0.0073472,,
1,Blue Grama semi micro loop,H8,UNM-CSI-2022-IsoCamp 2022-LO LBJ,standards,CN_C96 dilution,2022/06/25 15:22:49,2.113,3,255.2,52.5,2586,107.999,12.2,-1.32,,,,,,,0.0073467,,
1,Blue Grama semi micro loop,H8,UNM-CSI-2022-IsoCamp 2022-LO LBJ,standards,CN_C96 dilution,2022/06/25 15:22:49,2.113,4,351.7,183.7,3032,155.496,12.3,1.424,,,,,,,0.0073669,,
1,Blue Grama semi micro loop,H8,UNM-CSI-2022-IsoCamp 2022-LO LBJ,standards,CN_C96 dilution,2022/06/25 15:22:49,2.113,5,722.9,225.5,,,,,4628,340.108,-12.141,-0.3,-1.0,-0.6,,0.0118389,0.0039216
1,Blue Grama semi micro loop,H8,UNM-CSI-2022-IsoCamp 2022-LO LBJ,standards,CN_C96 dilution,2022/06/25 15:22:49,2.113,6,1179.4,57.3,,,,,3825,156.482,-3.7,4.2,4.1,5.5,,0.0119328,0.003917
2,Blue Grama,H9,UNM-CSI-2022-IsoCamp 2022-LO LBJ,standards,CN_C96 dilution,2022/06/25 15:31:25,2.875,1,76.5,52.5,2577,107.492,15.1,-1.162,,,,,,,0.0073479,,
2,Blue Grama,H9,UNM-CSI-2022-IsoCamp 2022-LO LBJ,standards,CN_C96 dilution,2022/06/25 15:31:25,2.875,2,165.7,52.7,2570,107.326,14.9,-1.25,,,,,,,0.0073472,,
2,Blue Grama,H9,UNM-CSI-2022-IsoCamp 2022-LO LBJ,standards,CN_C96 dilution,2022/06/25 15:31:25,2.875,3,255.2,52.5,2580,107.419,14.5,-1.281,,,,,,,0.007347,,
2,Blue Grama,H9,UNM-CSI-2022-IsoCamp 2022-LO LBJ,standards,CN_C96 dilution,2022/06/25 15:31:25,2.875,4,350.3,185.8,4084,204.465,14.4,1.511,,,,,,,0.0073675,,
2,Blue Grama,H9,UNM-CSI-2022-IsoCamp 2022-LO LBJ,standards,CN_C96 dilution,2022/06/25 15:31:25,2.875,5,719.8,235.3,,,,,5897,461.216,-12.19,0.1,-0.6,-0.1,,0.0118384,0.0039216
2,Blue Grama,H9,UNM-CSI-2022-IsoCamp 2022-LO LBJ,standards,CN_C96 dilution,2022/06/25 15:31:25,2.875,6,1179.2,57.9,,,,,3804,156.511,-3.7,4.4,4.5,5.9,,0.0119328,0.003917
3,blank,X,UNM-CSI-2022-IsoCamp 2022-LO LBJ,standards,CN_C96 dilution,2022/06/25 15:40:01,0,1,76.5,52.5,2571,107.187,16.3,-1.177,,,,,,,0.0073477,,
3,blank,X,UNM-CSI-2022-IsoCamp 2022-LO LBJ,standards,CN_C96 dilution,2022/06/25 15:40:01,0,2,165.7,52.5,2574,107.376,16.0,-1.25,,,,,,,0.0073472,,
3,blank,X,UNM-CSI-2022-IsoCamp 2022-LO LBJ,standards,CN_C96 dilution,2022/06/25 15:40:01,0,3,255.2,52.5,2573,107.463,15.5,-1.29,,,,,,,0.0073469,,
3,blank,X,UNM-CSI-2022-IsoCamp 2022-LO LBJ,standards,CN_C96 dilution,2022/06/25 15:40:01,0,4,1178.8,57.9,,,,,3815,156.713,-3.7,-0.2,-1.0,-0.7,,0.0119328,0.003917
4,blank,X,UNM-CSI-2022-IsoCamp 2022-LO LBJ,standards,CN_C96 dilution,2022/06/25 15:48:37,0,1,76.3,52.5,2571,107.277,13.8,-1.224,,,,,,,0.0073474,,
4,blank,X,UNM-CSI-2022-IsoCamp 2022-LO LBJ,standards,CN_C96 dilution,2022/06/25 15:48:37,0,2,165.7,52.5,2568,107.035,13.8,-1.25,,,,,,,0.0073472,,
4,blank,X,UNM-CSI-2022-IsoCamp 2022-LO LBJ,standards,CN_C96 dilution,2022/06/25 15:48:37,0,3,255,52.5,2569,107.228,13.7,-1.278,,,,,,,0.007347,,
4,blank,X,UNM-CSI-2022-IsoCamp 2022-LO LBJ,standards,CN_C96 dilution,2022/06/25 15:48:37,0,4,1178.8,57.3,,,,,3814,156.69,-3.7,-0.5,-1.4,-1.2,,0.0119328,0.003917
5,USGS91,D1,UNM-CSI-2022-IsoCamp 2022-LO LBJ,standards,CN_C96 dilution,2022/06/25 15:57:13,3.102,1,76.5,52.3,2569,107.22,13.6,-1.164,,,,,,,0.0073478,,
5,USGS91,D1,UNM-CSI-2022-IsoCamp 2022-LO LBJ,standards,CN_C96 dilution,2022/06/25 15:57:13,3.102,2,165.7,52.5,2569,107.325,13.7,-1.25,,,,,,,0.0073472,,
5,USGS91,D1,UNM-CSI-2022-IsoCamp 2022-LO LBJ,standards,CN_C96 dilution,2022/06/25 15:57:13,3.102,3,255.2,52.5,2572,107.571,13.6,-1.259,,,,,,,0.0073471,,
5,USGS91,D1,UNM-CSI-2022-IsoCamp 2022-LO LBJ,standards,CN_C96 dilution,2022/06/25 15:57:13,3.102,4,353.6,169.3,2077,103.064,13.8,1.63,,,,,,,0.0073684,,
5,USGS91,D1,UNM-CSI-2022-IsoCamp 2022-LO LBJ,standards,CN_C96 dilution,2022/06/25 15:57:13,3.102,5,718.8,231.2,,,,,5927,456.282,-27.044,-0.4,-1.2,-0.8,,0.0116722,0.0039204
5,USGS91,D1,UNM-CSI-2022-IsoCamp 2022-LO LBJ,standards,CN_C96 dilution,2022/06/25 15:57:13,3.102,6,1179.2,57.7,,,,,3802,156.686,-3.7,3.8,3.8,5.1,,0.0119328,0.003917
6,USGS90,D2,UNM-CSI-2022-IsoCamp 2022-LO LBJ,standards,CN_C96 dilution,2022/06/25 16:05:49,3.333,1,76.3,52.5,2577,107.246,16.3,-1.215,,,,,,,0.0073475,,
6,USGS90,D2,UNM-CSI-2022-IsoCamp 2022-LO LBJ,standards,CN_C96 dilution,2022/06/25 16:05:49,3.333,2,165.7,52.3,2574,107.508,16.1,-1.25,,,,,,,0.0073472,,
6,USGS90,D2,UNM-CSI-2022-IsoCamp 2022-LO LBJ,standards,CN_C96 dilution,2022/06/25 16:05:49,3.333,3,255,52.5,2574,107.54,15.8,-1.289,,,,,,,0.0073469,,
6,USGS90,D2,UNM-CSI-2022-IsoCamp 2022-LO LBJ,standards,CN_C96 dilution,2022/06/25 16:05:49,3.333,4,352.8,171,2297,112.963,15.6,8.379,,,,,,,0.007418,,
6,USGS90,D2,UNM-CSI-2022-IsoCamp 2022-LO LBJ,standards,CN_C96 dilution,2022/06/25 16:05:49,3.333,5,717.3,234.9,,,,,6445,508.483,-12.51,0.1,-0.6,0.0,,0.0118346,0.0039193
6,USGS90,D2,UNM-CSI-2022-IsoCamp 2022-LO LBJ,standards,CN_C96 dilution,2022/06/25 16:05:49,3.333,6,1179,57.7,,,,,3813,156.816,-3.7,4.5,4.5,6.1,,0.0119328,0.003917
7,USGS91,D3,UNM-CSI-2022-IsoCamp 2022-LO LBJ,standards,CN_C96 dilution,2022/06/25 16:14:26,3.201,1,76.3,52.7,2572,107.411,17.0,-1.194,,,,,,,0.0073476,,
7,USGS91,D3,UNM-CSI-2022-IsoCamp 2022-LO LBJ,standards,CN_C96 dilution,2022/06/25 16:14:26,3.201,2,165.7,52.5,2574,107.405,16.6,-1.25,,,,,,,0.0073472,,
7,USGS91,D3,UNM-CSI-2022-IsoCamp 2022-LO LBJ,standards,CN_C96 dilution,2022/06/25 16:14:26,3.201,3,255.2,52.5,2574,107.603,16.3,-1.281,,,,,,,0.007347,,
7,USGS91,D3,UNM-CSI-2022-IsoCamp 2022-LO LBJ,standards,CN_C96 dilution,2022/06/25 16:14:26,3.201,4,353.6,168.2,2242,110.005,16.1,1.476,,,,,,,0.0073673,,
7,USGS91,D3,UNM-CSI-2022-IsoCamp 2022-LO LBJ,standards,CN_C96 dilution,2022/06/25 16:14:26,3.201,5,718.1,233.9,,,,,6165,478.412,-27.071,0.3,-0.3,0.3,,0.0116717,0.0039188
7,USGS91,D3,UNM-CSI-2022-IsoCamp 2022-LO LBJ,standards,CN_C96 dilution,2022/06/25 16:14:26,3.201,6,1179.2,57.5,,,,,3797,156.435,-3.7,4.3,4.3,5.8,,0.0119328,0.003917
8,USGS90,D4,UNM-CSI-2022-IsoCamp 2022-LO LBJ,standards,CN_C96 dilution,2022/06/25 16:23:01,3.051,1,76.3,52.5,2568,107.233,17.0,-1.237,,,,,,,0.0073473,,
8,USGS90,D4,UNM-CSI-2022-IsoCamp 2022-LO LBJ,standards,CN_C96 dilution,2022/06/25 16:23:01,3.051,2,165.7,52.5,2571,107.278,16.7,-1.25,,,,,,,0.0073472,,
8,USGS90,D4,UNM-CSI-2022-IsoCamp 2022-LO LBJ,standards,CN_C96 dilution,2022/06/25 16:23:01,3.051,3,255,52.7,2571,107.154,16.3,-1.317,,,,,,,0.0073467,,
8,USGS90,D4,UNM-CSI-2022-IsoCamp 2022-LO LBJ,standards,CN_C96 dilution,2022/06/25 16:23:01,3.051,4,354.3,169.3,2132,105.023,16.2,8.337,,,,,,,0.0074177,,
8,USGS90,D4,UNM-CSI-2022-IsoCamp 2022-LO LBJ,standards,CN_C96 dilution,2022/06/25 16:23:01,3.051,5,719.2,233,,,,,6023,465.871,-12.594,0.3,-0.3,0.4,,0.0118336,0.0039187
8,USGS90,D4,UNM-CSI-2022-IsoCamp 2022-LO LBJ,standards,CN_C96 dilution,2022/06/25 16:23:01,3.051,6,1179,57.9,,,,,3817,157.155,-3.7,4.1,4.0,5.5,,0.0119328,0.003917
9,USGS91,D5,UNM-CSI-2022-IsoCamp 2022-LO LBJ,standards,CN_C96 dilution,2022/06/25 16:31:37,3.232,1,76.3,52.5,2579,107.574,17.1,-1.156,,,,,,,0.0073479,,
9,USGS91,D5,UNM-CSI-2022-IsoCamp 2022-LO LBJ,standards,CN_C96 dilution,2022/06/25 16:31:37,3.232,2,165.7,52.5,2583,107.677,16.8,-1.25,,,,,,,0.0073472,,
9,USGS91,D5,UNM-CSI-2022-IsoCamp 2022-LO LBJ,standards,CN_C96 dilution,2022/06/25 16:31:37,3.232,3,255,52.5,2579,107.616,16.5,-1.297,,,,,,,0.0073469,,
9,USGS91,D5,UNM-CSI-2022-IsoCamp 2022-LO LBJ,standards,CN_C96 dilution,2022/06/25 16:31:37,3.232,4,353,168.2,2239,110.03,16.4,1.281,,,,,,,0.0073658,,
9,USGS91,D5,UNM-CSI-2022-IsoCamp 2022-LO LBJ,standards,CN_C96 dilution,2022/06/25 16:31:37,3.232,5,717.3,234.3,,,,,6236,485.634,-27.089,0.3,-0.3,0.4,,0.0116714,0.0039178
9,USGS91,D5,UNM-CSI-2022-IsoCamp 2022-LO LBJ,standards,CN_C96 dilution,2022/06/25 16:31:37,3.232,6,1179,57.7,,,,,3810,156.74,-3.7,4.2,4.2,5.8,,0.0119328,0.003917
10,USGS90,D6,UNM-CSI-2022-IsoCamp 2022-LO LBJ,standards,CN_C96 dilution,2022/06/25 16:40:13,3.157,1,76.3,52.5,2578,107.548,17.2,-1.179,,,,,,,0.0073477,,
10,USGS90,D6,UNM-CSI-2022-IsoCamp 2022-LO LBJ,standards,CN_C96 dilution,2022/06/25 16:40:13,3.157,2,165.7,52.3,2576,107.37,16.9,-1.25,,,,,,,0.0073472,,
10,USGS90,D6,UNM-CSI-2022-IsoCamp 2022-LO LBJ,standards,CN_C96 dilution,2022/06/25 16:40:13,3.157,3,255,52.5,2576,107.428,16.6,-1.319,,,,,,,0.0073467,,
10,USGS90,D6,UNM-CSI-2022-IsoCamp 2022-LO LBJ,standards,CN_C96 dilution,2022/06/25 16:40:13,3.157,4,353.8,170.1,2186,107.965,16.4,8.37,,,,,,,0.007418,,
10,USGS90,D6,UNM-CSI-2022-IsoCamp 2022-LO LBJ,standards,CN_C96 dilution,2022/06/25 16:40:13,3.157,5,718.5,234.1,,,,,6219,483.996,-12.529,0.3,-0.3,0.5,,0.0118342,0.0039181
10,USGS90,D6,UNM-CSI-2022-IsoCamp 2022-LO LBJ,standards,CN_C96 dilution,2022/06/25 16:40:13,3.157,6,1179,57.7,,,,,3810,157.093,-3.7,4.1,4.2,5.6,,0.0119328,0.003917
11,USGS91,D7,UNM-CSI-2022-IsoCamp 2022-LO LBJ,standards,CN_C96 dilution,2022/06/25 16:48:49,3.194,1,76.3,52.5,2578,107.694,17.3,-1.18,,,,,,,0.0073477,,
11,USGS91,D7,UNM-CSI-2022-IsoCamp 2022-LO LBJ,standards,CN_C96 dilution,2022/06/25 16:48:49,3.194,2,165.5,52.7,2576,107.438,17.0,-1.25,,,,,,,0.0073472,,
11,USGS91,D7,UNM-CSI-2022-IsoCamp 2022-LO LBJ,standards,CN_C96 dilution,2022/06/25 16:48:49,3.194,3,255,52.5,2579,107.64,16.6,-1.252,,,,,,,0.0073472,,
11,USGS91,D7,UNM-CSI-2022-IsoCamp 2022-LO LBJ,standards,CN_C96 dilution,2022/06/25 16:48:49,3.194,4,353,171.8,2256,111.036,16.4,1.505,,,,,,,0.0073675,,
11,USGS91,D7,UNM-CSI-2022-IsoCamp 2022-LO LBJ,standards,CN_C96 dilution,2022/06/25 16:48:49,3.194,5,717.7,233.7,,,,,6213,482.308,-27.133,0.3,-0.3,0.5,,0.0116709,0.0039178
11,USGS91,D7,UNM-CSI-2022-IsoCamp 2022-LO LBJ,standards,CN_C96 dilution,2022/06/25 16:48:49,3.194,6,1179,57.7,,,,,3815,156.947,-3.7,4.1,4.1,5.8,,0.0119328,0.003917
12,USGS90,D8,UNM-CSI-2022-IsoCamp 2022-LO LBJ,standards,CN_C96 dilution,2022/06/25 16:57:25,3.143,1,76.3,52.5,2575,107.294,17.3,-1.15,,,,,,,0.0073479,,
12,USGS90,D8,UNM-CSI-2022-IsoCamp 2022-LO LBJ,standards,CN_C96 dilution,2022/06/25 16:57:25,3.143,2,165.7,52.5,2580,107.668,17.1,-1.25,,,,,,,0.0073472,,
12,USGS90,D8,UNM-CSI-2022-IsoCamp 2022-LO LBJ,standards,CN_C96 dilution,2022/06/25 16:57:25,3.143,3,255,52.5,2579,107.563,16.7,-1.279,,,,,,,0.007347,,
12,USGS90,D8,UNM-CSI-2022-IsoCamp 2022-LO LBJ,standards,CN_C96 dilution,2022/06/25 16:57:25,3.143,4,353.6,169.9,2123,104.78,16.5,8.236,,,,,,,0.007417,,
12,USGS90,D8,UNM-CSI-2022-IsoCamp 2022-LO LBJ,standards,CN_C96 dilution,2022/06/25 16:57:25,3.143,5,718.1,234.5,,,,,6204,482.161,-12.662,0.4,-0.3,0.5,,0.0118327,0.003918
12,USGS90,D8,UNM-CSI-2022-IsoCamp 2022-LO LBJ,standards,CN_C96 dilution,2022/06/25 16:57:25,3.143,6,1179,57.5,,,,,3814,156.815,-3.7,4.1,4.1,5.6,,0.0119328,0.003917
13,Blue Grama,D9,UNM-CSI-2022-IsoCamp 2022-LO LBJ,standards,CN_C96 dilution,2022/06/25 17:06:02,1.04,1,76.3,52.5,2573,107.48,17.3,-1.166,,,,,,,0.0073478,,
13,Blue Grama,D9,UNM-CSI-2022-IsoCamp 2022-LO LBJ,standards,CN_C96 dilution,2022/06/25 17:06:02,1.04,2,165.7,52.5,2576,107.424,17.1,-1.25,,,,,,,0.0073472,,
13,Blue Grama,D9,UNM-CSI-2022-IsoCamp 2022-LO LBJ,standards,CN_C96 dilution,2022/06/25 17:06:02,1.04,3,255,52.5,2578,107.514,16.7,-1.283,,,,,,,0.007347,,
13,Blue Grama,D9,UNM-CSI-2022-IsoCamp 2022-LO LBJ,standards,CN_C96 dilution,2022/06/25 17:06:02,1.04,4,350.9,165.9,1319,68.545,16.5,0.951,,,,,,,0.0073634,,
13,Blue Grama,D9,UNM-CSI-2022-IsoCamp 2022-LO LBJ,standards,CN_C96 dilution,2022/06/25 17:06:02,1.04,5,725.2,201.9,,,,,2433,162.714,-12.302,0.6,-0.0,0.9,,0.0118385,0.0039349
13,Blue Grama,D9,UNM-CSI-2022-IsoCamp 2022-LO LBJ,standards,CN_C96 dilution,2022/06/25 17:06:02,1.04,6,1179,57.3,,,,,3806,156.701,-3.7,1.2,0.6,1.4,,0.0119328,0.003917
14,Blue Grama,D10,UNM-CSI-2022-IsoCamp 2022-LO LBJ,standards,CN_C96 dilution,2022/06/25 17:14:37,0.492,1,76.3,52.5,2576,107.412,15.9,-1.225,,,,,,,0.0073474,,
14,Blue Grama,D10,UNM-CSI-2022-IsoCamp 2022-LO LBJ,standards,CN_C96 dilution,2022/06/25 17:14:37,0.492,2,165.7,52.5,2582,107.622,15.8,-1.25,,,,,,,0.0073472,,
14,Blue Grama,D10,UNM-CSI-2022-IsoCamp 2022-LO LBJ,standards,CN_C96 dilution,2022/06/25 17:14:37,0.492,3,255,52.7,2584,107.747,15.6,-1.276,,,,,,,0.007347,,
14,Blue Grama,D10,UNM-CSI-2022-IsoCamp 2022-LO LBJ,standards,CN_C96 dilution,2022/06/25 17:14:37,0.492,4,352.8,152.8,604,32.388,15.6,0.526,,,,,,,0.0073603,,
14,Blue Grama,D10,UNM-CSI-2022-IsoCamp 2022-LO LBJ,standards,CN_C96 dilution,2022/06/25 17:14:37,0.492,5,728.4,186.6,,,,,1190,77.425,-12.27,0.3,-0.4,0.3,,0.0118406,0.0039514
14,Blue Grama,D10,UNM-CSI-2022-IsoCamp 2022-LO LBJ,standards,CN_C96 dilution,2022/06/25 17:14:37,0.492,6,1179,57.1,,,,,3818,157.388,-3.7,0.3,-0.4,0.2,,0.0119328,0.003917
15,Blue Grama,D11,UNM-CSI-2022-IsoCamp 2022-LO LBJ,standards,CN_C96 dilution,2022/06/25 17:23:14,2.435,1,76.5,52.3,2572,107.09,15.2,-1.217,,,,,,,0.0073474,,
15,Blue Grama,D11,UNM-CSI-2022-IsoCamp 2022-LO LBJ,standards,CN_C96 dilution,2022/06/25 17:23:14,2.435,2,165.7,52.5,2579,107.468,15.2,-1.25,,,,,,,0.0073472,,
15,Blue Grama,D11,UNM-CSI-2022-IsoCamp 2022-LO LBJ,standards,CN_C96 dilution,2022/06/25 17:23:14,2.435,3,255,52.7,2579,107.59,15.1,-1.304,,,,,,,0.0073468,,
15,Blue Grama,D11,UNM-CSI-2022-IsoCamp 2022-LO LBJ,standards,CN_C96 dilution,2022/06/25 17:23:14,2.435,4,350.1,180.4,3257,163.196,15.1,1.303,,,,,,,0.007366,,
15,Blue Grama,D11,UNM-CSI-2022-IsoCamp 2022-LO LBJ,standards,CN_C96 dilution,2022/06/25 17:23:14,2.435,5,720.6,227,,,,,5143,383.772,-12.26,-0.1,-0.9,-0.2,,0.0118376,0.0039218
15,Blue Grama,D11,UNM-CSI-2022-IsoCamp 2022-LO LBJ,standards,CN_C96 dilution,2022/06/25 17:23:14,2.435,6,1179,57.9,,,,,3819,157.238,-3.7,3.0,2.8,4.1,,0.0119328,0.003917
16,Blue Grama,D12,UNM-CSI-2022-IsoCamp 2022-LO LBJ,standards,CN_C96 dilution,2022/06/25 17:31:50,3.484,1,76.3,52.7,2584,107.89,16.8,-1.229,,,,,,,0.0073474,,
16,Blue Grama,D12,UNM-CSI-2022-IsoCamp 2022-LO LBJ,standards,CN_C96 dilution,2022/06/25 17:31:50,3.484,2,165.7,52.5,2578,107.582,16.6,-1.25,,,,,,,0.0073472,,
16,Blue Grama,D12,UNM-CSI-2022-IsoCamp 2022-LO LBJ,standards,CN_C96 dilution,2022/06/25 17:31:50,3.484,3,255,52.7,2581,107.618,16.3,-1.284,,,,,,,0.007347,,
16,Blue Grama,D12,UNM-CSI-2022-IsoCamp 2022-LO LBJ,standards,CN_C96 dilution,2022/06/25 17:31:50,3.484,4,349.4,188.1,5057,248.66,16.2,1.451,,,,,,,0.0073671,,
16,Blue Grama,D12,UNM-CSI-2022-IsoCamp 2022-LO LBJ,standards,CN_C96 dilution,2022/06/25 17:31:50,3.484,5,716.7,242.2,,,,,6846,562.144,-12.188,0.1,-0.6,0.2,,0.0118379,0.0039165
16,Blue Grama,D12,UNM-CSI-2022-IsoCamp 2022-LO LBJ,standards,CN_C96 dilution,2022/06/25 17:31:50,3.484,6,1179.2,57.5,,,,,3812,157.028,-3.7,4.3,4.4,6.1,,0.0119328,0.003917
17,Blue Grama,E1,UNM-CSI-2022-IsoCamp 2022-LO LBJ,standards,CN_C96 dilution,2022/06/25 17:40:26,1.52,1,76.5,52.5,2573,107.517,17.8,-1.218,,,,,,,0.0073474,,
17,Blue Grama,E1,UNM-CSI-2022-IsoCamp 2022-LO LBJ,standards,CN_C96 dilution,2022/06/25 17:40:26,1.52,2,165.7,52.5,2576,107.685,17.5,-1.25,,,,,,,0.0073472,,
17,Blue Grama,E1,UNM-CSI-2022-IsoCamp 2022-LO LBJ,standards,CN_C96 dilution,2022/06/25 17:40:26,1.52,3,255.2,52.5,2584,108.002,17.1,-1.288,,,,,,,0.0073469,,
17,Blue Grama,E1,UNM-CSI-2022-IsoCamp 2022-LO LBJ,standards,CN_C96 dilution,2022/06/25 17:40:26,1.52,4,349.2,173.9,2057,105.159,16.9,1.213,,,,,,,0.0073653,,
17,Blue Grama,E1,UNM-CSI-2022-IsoCamp 2022-LO LBJ,standards,CN_C96 dilution,2022/06/25 17:40:26,1.52,5,722.9,212.6,,,,,3460,240.265,-12.191,0.6,-0.0,0.9,,0.0118391,0.0039283
17,Blue Grama,E1,UNM-CSI-2022-IsoCamp 2022-LO LBJ,standards,CN_C96 dilution,2022/06/25 17:40:26,1.52,6,1179,57.9,,,,,3817,157.304,-3.7,1.8,1.4,2.3,,0.0119328,0.003917
18,Blue Grama,E2,UNM-CSI-2022-IsoCamp 2022-LO LBJ,standards,CN_C96 dilution,2022/06/25 17:49:02,2.106,1,76.3,52.5,2586,107.779,16.4,-1.19,,,,,,,0.0073476,,
18,Blue Grama,E2,UNM-CSI-2022-IsoCamp 2022-LO LBJ,standards,CN_C96 dilution,2022/06/25 17:49:02,2.106,2,165.7,52.5,2579,107.704,16.3,-1.25,,,,,,,0.0073472,,
18,Blue Grama,E2,UNM-CSI-2022-IsoCamp 2022-LO LBJ,standards,CN_C96 dilution,2022/06/25 17:49:02,2.106,3,255,52.5,2583,107.628,16.1,-1.281,,,,,,,0.007347,,
18,Blue Grama,E2,UNM-CSI-2022-IsoCamp 2022-LO LBJ,standards,CN_C96 dilution,2022/06/25 17:49:02,2.106,4,349.4,178.1,2889,145.522,16.0,1.392,,,,,,,0.0073666,,
18,Blue Grama,E2,UNM-CSI-2022-IsoCamp 2022-LO LBJ,standards,CN_C96 dilution,2022/06/25 17:49:02,2.106,5,720,222,,,,,4617,336.517,-12.314,0.2,-0.4,0.2,,0.0118372,0.0039235
18,Blue Grama,E2,UNM-CSI-2022-IsoCamp 2022-LO LBJ,standards,CN_C96 dilution,2022/06/25 17:49:02,2.106,6,1179,57.5,,,,,3800,156.587,-3.7,2.4,2.0,3.2,,0.0119328,0.003917
19,Blue Grama,E3,UNM-CSI-2022-IsoCamp 2022-LO LBJ,standards,CN_C96 dilution,2022/06/25 17:57:38,3.046,1,76.5,52.3,2581,107.485,16.7,-1.221,,,,,,,0.0073474,,
19,Blue Grama,E3,UNM-CSI-2022-IsoCamp 2022-LO LBJ,standards,CN_C96 dilution,2022/06/25 17:57:38,3.046,2,165.7,52.5,2585,107.802,16.5,-1.25,,,,,,,0.0073472,,
19,Blue Grama,E3,UNM-CSI-2022-IsoCamp 2022-LO LBJ,standards,CN_C96 dilution,2022/06/25 17:57:38,3.046,3,255,52.5,2586,107.658,16.2,-1.28,,,,,,,0.007347,,
19,Blue Grama,E3,UNM-CSI-2022-IsoCamp 2022-LO LBJ,standards,CN_C96 dilution,2022/06/25 17:57:38,3.046,4,350.5,183.5,4370,215.114,16.2,1.513,,,,,,,0.0073675,,
19,Blue Grama,E3,UNM-CSI-2022-IsoCamp 2022-LO LBJ,standards,CN_C96 dilution,2022/06/25 17:57:38,3.046,5,718.3,235.8,,,,,6218,488.757,-12.221,0.2,-0.5,0.3,,0.0118377,0.0039182
19,Blue Grama,E3,UNM-CSI-2022-IsoCamp 2022-LO LBJ,standards,CN_C96 dilution,2022/06/25 17:57:38,3.046,6,1179,57.7,,,,,3815,157.096,-3.7,3.6,3.5,5.1,,0.0119328,0.003917
20,Blue Grama,E4,UNM-CSI-2022-IsoCamp 2022-LO LBJ,standards,CN_C96 dilution,2022/06/25 18:06:14,4.593,1,76.5,52.5,2581,107.497,17.4,-1.196,,,,,,,0.0073476,,
20,Blue Grama,E4,UNM-CSI-2022-IsoCamp 2022-LO LBJ,standards,CN_C96 dilution,2022/06/25 18:06:14,4.593,2,165.7,52.5,2578,107.698,17.2,-1.25,,,,,,,0.0073472,,
20,Blue Grama,E4,UNM-CSI-2022-IsoCamp 2022-LO LBJ,standards,CN_C96 dilution,2022/06/25 18:06:14,4.593,3,255.2,52.5,2576,107.34,16.9,-1.288,,,,,,,0.0073469,,
20,Blue Grama,E4,UNM-CSI-2022-IsoCamp 2022-LO LBJ,standards,CN_C96 dilution,2022/06/25 18:06:14,4.593,4,349.7,193.7,6895,332.192,16.8,1.552,,,,,,,0.0073678,,
20,Blue Grama,E4,UNM-CSI-2022-IsoCamp 2022-LO LBJ,standards,CN_C96 dilution,2022/06/25 18:06:14,4.593,5,709.3,260.8,,,,,8323,747.703,-12.142,0.2,-0.5,0.5,,0.0118381,0.0039133
20,Blue Grama,E4,UNM-CSI-2022-IsoCamp 2022-LO LBJ,standards,CN_C96 dilution,2022/06/25 18:06:14,4.593,6,1179.2,57.7,,,,,3807,156.701,-3.7,6.0,6.4,8.5,,0.0119328,0.003917
21,Blue Grama,E5,UNM-CSI-2022-IsoCamp 2022-LO LBJ,standards,CN_C96 dilution,2022/06/25 18:14:50,4.084,1,76.5,52.5,2579,107.65,18.8,-1.21,,,,,,,0.0073475,,
21,Blue Grama,E5,UNM-CSI-2022-IsoCamp 2022-LO LBJ,standards,CN_C96 dilution,2022/06/25 18:14:50,4.084,2,165.7,52.5,2580,107.744,18.3,-1.25,,,,,,,0.0073472,,
21,Blue Grama,E5,UNM-CSI-2022-IsoCamp 2022-LO LBJ,standards,CN_C96 dilution,2022/06/25 18:14:50,4.084,3,255.2,52.3,2584,107.718,17.9,-1.294,,,,,,,0.0073469,,
21,Blue Grama,E5,UNM-CSI-2022-IsoCamp 2022-LO LBJ,standards,CN_C96 dilution,2022/06/25 18:14:50,4.084,4,349.4,191.2,5945,291.209,17.7,1.566,,,,,,,0.0073679,,
21,Blue Grama,E5,UNM-CSI-2022-IsoCamp 2022-LO LBJ,standards,CN_C96 dilution,2022/06/25 18:14:50,4.084,5,714.2,252.7,,,,,7628,659.403,-12.149,0.6,-0.0,1.0,,0.0118381,0.0039142
21,Blue Grama,E5,UNM-CSI-2022-IsoCamp 2022-LO LBJ,standards,CN_C96 dilution,2022/06/25 18:14:50,4.084,6,1179,57.7,,,,,3810,156.966,-3.7,5.4,5.6,7.5,,0.0119328,0.003917
22,Blue Grama,E6,UNM-CSI-2022-IsoCamp 2022-LO LBJ,standards,CN_C96 dilution,2022/06/25 18:23:26,5.122,1,76.5,52.3,2575,107.508,18.6,-1.193,,,,,,,0.0073476,,
22,Blue Grama,E6,UNM-CSI-2022-IsoCamp 2022-LO LBJ,standards,CN_C96 dilution,2022/06/25 18:23:26,5.122,2,165.7,52.5,2580,107.664,18.3,-1.25,,,,,,,0.0073472,,
22,Blue Grama,E6,UNM-CSI-2022-IsoCamp 2022-LO LBJ,standards,CN_C96 dilution,2022/06/25 18:23:26,5.122,3,255,52.5,2584,107.809,17.8,-1.326,,,,,,,0.0073466,,
22,Blue Grama,E6,UNM-CSI-2022-IsoCamp 2022-LO LBJ,standards,CN_C96 dilution,2022/06/25 18:23:26,5.122,4,350.7,198.3,7726,371.362,17.6,1.468,,,,,,,0.0073672,,
22,Blue Grama,E6,UNM-CSI-2022-IsoCamp 2022-LO LBJ,standards,CN_C96 dilution,2022/06/25 18:23:26,5.122,5,707.9,271.3,,,,,8909,831.703,-12.113,0.6,-0.1,1.0,,0.0118382,0.0039119
22,Blue Grama,E6,UNM-CSI-2022-IsoCamp 2022-LO LBJ,standards,CN_C96 dilution,2022/06/25 18:23:26,5.122,6,1179.2,57.5,,,,,3827,157.462,-3.7,6.8,7.3,9.6,,0.0119328,0.003917
23,Casein micro loop,F8,UNM-CSI-2022-IsoCamp 2022-LO LBJ,standards,CN_C80 dilution,2022/06/25 18:32:34,0.32,1,76.3,52.5,2576,107.464,18.9,-1.174,,,,,,,0.0073478,,
23,Casein micro loop,F8,UNM-CSI-2022-IsoCamp 2022-LO LBJ,standards,CN_C80 dilution,2022/06/25 18:32:34,0.32,2,165.7,52.5,2576,107.532,18.5,-1.25,,,,,,,0.0073472,,
23,Casein micro loop,F8,UNM-CSI-2022-IsoCamp 2022-LO LBJ,standards,CN_C80 dilution,2022/06/25 18:32:34,0.32,3,255,52.5,2576,107.479,18.0,-1.266,,,,,,,0.0073471,,
23,Casein micro loop,F8,UNM-CSI-2022-IsoCamp 2022-LO LBJ,standards,CN_C80 dilution,2022/06/25 18:32:34,0.32,4,346.5,171,1857,98.496,17.8,6.081,,,,,,,0.0074011,,
23,Casein micro loop,F8,UNM-CSI-2022-IsoCamp 2022-LO LBJ,standards,CN_C80 dilution,2022/06/25 18:32:34,0.32,5,716.2,216.5,,,,,3968,261.697,-25.478,4.7,4.8,6.7,,0.011693,0.0039515
23,Casein micro loop,F8,UNM-CSI-2022-IsoCamp 2022-LO LBJ,standards,CN_C80 dilution,2022/06/25 18:32:34,0.32,6,1179,57.7,,,,,3819,157.723,-3.7,4.6,4.6,6.4,,0.0119328,0.003917
24,blank,X,UNM-CSI-2022-IsoCamp 2022-LO LBJ,standards,CN_C80 dilution,2022/06/25 18:41:10,0,1,76.3,52.5,2573,107.405,15.7,-1.154,,,,,,,0.0073479,,
24,blank,X,UNM-CSI-2022-IsoCamp 2022-LO LBJ,standards,CN_C80 dilution,2022/06/25 18:41:10,0,2,165.5,52.7,2576,107.465,15.6,-1.25,,,,,,,0.0073472,,
24,blank,X,UNM-CSI-2022-IsoCamp 2022-LO LBJ,standards,CN_C80 dilution,2022/06/25 18:41:10,0,3,255,52.5,2578,107.347,15.4,-1.278,,,,,,,0.007347,,
24,blank,X,UNM-CSI-2022-IsoCamp 2022-LO LBJ,standards,CN_C80 dilution,2022/06/25 18:41:10,0,4,1178.8,57.3,,,,,3825,157.47,-3.7,0.8,0.2,1.0,,0.0119328,0.003917
25,blank,X,UNM-CSI-2022-IsoCamp 2022-LO LBJ,standards,CN_C80 dilution,2022/06/25 18:49:46,0,1,76.3,52.5,2571,107.234,14.4,-1.147,,,,,,,0.007348,,
25,blank,X,UNM-CSI-2022-IsoCamp 2022-LO LBJ,standards,CN_C80 dilution,2022/06/25 18:49:46,0,2,165.5,52.7,2569,107.272,14.4,-1.25,,,,,,,0.0073472,,
25,blank,X,UNM-CSI-2022-IsoCamp 2022-LO LBJ,standards,CN_C80 dilution,2022/06/25 18:49:46,0,3,255,52.5,2570,107.143,14.2,-1.259,,,,,,,0.0073471,,
25,blank,X,UNM-CSI-2022-IsoCamp 2022-LO LBJ,standards,CN_C80 dilution,2022/06/25 18:49:46,0,4,1178.8,57.1,,,,,3816,157.023,-3.7,0.1,-0.7,0.0,,0.0119328,0.003917
26,Casein,A3,UNM-CSI-2022-IsoCamp 2022-LO LBJ,standards,CN_C80 dilution,2022/06/25 18:58:22,0.087,1,76.3,52.5,2574,107.502,14.0,-1.216,,,,,,,0.0073475,,
26,Casein,A3,UNM-CSI-2022-IsoCamp 2022-LO LBJ,standards,CN_C80 dilution,2022/06/25 18:58:22,0.087,2,165.7,52.5,2573,107.459,14.0,-1.25,,,,,,,0.0073472,,
26,Casein,A3,UNM-CSI-2022-IsoCamp 2022-LO LBJ,standards,CN_C80 dilution,2022/06/25 18:58:22,0.087,3,255,52.5,2575,107.426,13.9,-1.317,,,,,,,0.0073467,,
26,Casein,A3,UNM-CSI-2022-IsoCamp 2022-LO LBJ,standards,CN_C80 dilution,2022/06/25 18:58:22,0.087,4,350.7,146.7,488,26.593,14.0,4.838,,,,,,,0.007392,,
26,Casein,A3,UNM-CSI-2022-IsoCamp 2022-LO LBJ,standards,CN_C80 dilution,2022/06/25 18:58:22,0.087,5,723.6,191,,,,,1152,75.2,-25.384,0.3,-0.4,0.4,,0.0116963,0.0039738
26,Casein,A3,UNM-CSI-2022-IsoCamp 2022-LO LBJ,standards,CN_C80 dilution,2022/06/25 18:58:22,0.087,6,1179,57.3,,,,,3823,157.319,-3.7,0.5,-0.2,0.7,,0.0119328,0.003917
27,Casein,A4,UNM-CSI-2022-IsoCamp 2022-LO LBJ,standards,CN_C80 dilution,2022/06/25 19:06:58,0.409,1,76.5,52.5,2564,106.925,14.1,-1.227,,,,,,,0.0073474,,
27,Casein,A4,UNM-CSI-2022-IsoCamp 2022-LO LBJ,standards,CN_C80 dilution,2022/06/25 19:06:58,0.409,2,165.7,52.5,2570,107.007,14.1,-1.25,,,,,,,0.0073472,,
27,Casein,A4,UNM-CSI-2022-IsoCamp 2022-LO LBJ,standards,CN_C80 dilution,2022/06/25 19:06:58,0.409,3,255,52.5,2573,107.375,14.0,-1.276,,,,,,,0.007347,,
27,Casein,A4,UNM-CSI-2022-IsoCamp 2022-LO LBJ,standards,CN_C80 dilution,2022/06/25 19:06:58,0.409,4,347.1,175.1,2457,129.276,14.1,6.524,,,,,,,0.0074044,,
27,Casein,A4,UNM-CSI-2022-IsoCamp 2022-LO LBJ,standards,CN_C80 dilution,2022/06/25 19:06:58,0.409,5,717.5,222.2,,,,,5190,344.22,-25.509,0.2,-0.5,0.2,,0.0116928,0.0039534
27,Casein,A4,UNM-CSI-2022-IsoCamp 2022-LO LBJ,standards,CN_C80 dilution,2022/06/25 19:06:58,0.409,6,1179,57.5,,,,,3824,157.462,-3.7,2.4,2.0,3.3,,0.0119328,0.003917
28,Casein,A5,UNM-CSI-2022-IsoCamp 2022-LO LBJ,standards,CN_C80 dilution,2022/06/25 19:15:34,0.231,1,76.3,52.5,2574,107.332,14.6,-1.22,,,,,,,0.0073474,,
28,Casein,A5,UNM-CSI-2022-IsoCamp 2022-LO LBJ,standards,CN_C80 dilution,2022/06/25 19:15:34,0.231,2,165.7,52.5,2577,107.477,14.6,-1.25,,,,,,,0.0073472,,
28,Casein,A5,UNM-CSI-2022-IsoCamp 2022-LO LBJ,standards,CN_C80 dilution,2022/06/25 19:15:34,0.231,3,255,52.5,2571,107.366,14.3,-1.279,,,,,,,0.007347,,
28,Casein,A5,UNM-CSI-2022-IsoCamp 2022-LO LBJ,standards,CN_C80 dilution,2022/06/25 19:15:34,0.231,4,347.8,166.8,1318,70.471,14.4,6.18,,,,,,,0.0074019,,
28,Casein,A5,UNM-CSI-2022-IsoCamp 2022-LO LBJ,standards,CN_C80 dilution,2022/06/25 19:15:34,0.231,5,720.4,209.6,,,,,2895,190.413,-25.556,0.5,-0.1,0.7,,0.0116932,0.0039625
28,Casein,A5,UNM-CSI-2022-IsoCamp 2022-LO LBJ,standards,CN_C80 dilution,2022/06/25 19:15:34,0.231,6,1179,57.1,,,,,3815,157.318,-3.7,1.4,0.8,1.8,,0.0119328,0.003917
29,Casein,A6,UNM-CSI-2022-IsoCamp 2022-LO LBJ,standards,CN_C80 dilution,2022/06/25 19:24:10,0.291,1,76.3,52.5,2568,106.883,14.4,-1.161,,,,,,,0.0073479,,
29,Casein,A6,UNM-CSI-2022-IsoCamp 2022-LO LBJ,standards,CN_C80 dilution,2022/06/25 19:24:10,0.291,2,165.5,52.7,2562,107.179,14.4,-1.25,,,,,,,0.0073472,,
29,Casein,A6,UNM-CSI-2022-IsoCamp 2022-LO LBJ,standards,CN_C80 dilution,2022/06/25 19:24:10,0.291,3,255,52.5,2575,107.522,14.2,-1.242,,,,,,,0.0073473,,
29,Casein,A6,UNM-CSI-2022-IsoCamp 2022-LO LBJ,standards,CN_C80 dilution,2022/06/25 19:24:10,0.291,4,348.2,169.5,1690,89.797,14.3,6.164,,,,,,,0.0074017,,
29,Casein,A6,UNM-CSI-2022-IsoCamp 2022-LO LBJ,standards,CN_C80 dilution,2022/06/25 19:24:10,0.291,5,719,214.9,,,,,3668,241.362,-25.629,0.3,-0.3,0.5,,0.011692,0.0039588
29,Casein,A6,UNM-CSI-2022-IsoCamp 2022-LO LBJ,standards,CN_C80 dilution,2022/06/25 19:24:10,0.291,6,1179,57.3,,,,,3812,156.86,-3.7,1.6,1.1,2.1,,0.0119328,0.003917
30,Casein,A7,UNM-CSI-2022-IsoCamp 2022-LO LBJ,standards,CN_C80 dilution,2022/06/25 19:32:46,0.515,1,76.3,52.5,2568,107.101,14.5,-1.179,,,,,,,0.0073477,,
30,Casein,A7,UNM-CSI-2022-IsoCamp 2022-LO LBJ,standards,CN_C80 dilution,2022/06/25 19:32:46,0.515,2,165.7,52.5,2575,107.45,14.5,-1.25,,,,,,,0.0073472,,
30,Casein,A7,UNM-CSI-2022-IsoCamp 2022-LO LBJ,standards,CN_C80 dilution,2022/06/25 19:32:46,0.515,3,255.2,52.3,2568,107.189,14.2,-1.307,,,,,,,0.0073468,,
30,Casein,A7,UNM-CSI-2022-IsoCamp 2022-LO LBJ,standards,CN_C80 dilution,2022/06/25 19:32:46,0.515,4,346.5,178.3,3083,161.183,14.3,6.477,,,,,,,0.007404,,
30,Casein,A7,UNM-CSI-2022-IsoCamp 2022-LO LBJ,standards,CN_C80 dilution,2022/06/25 19:32:46,0.515,5,716.7,228.4,,,,,6473,429.773,-25.585,0.3,-0.4,0.6,,0.0116914,0.0039482
30,Casein,A7,UNM-CSI-2022-IsoCamp 2022-LO LBJ,standards,CN_C80 dilution,2022/06/25 19:32:46,0.515,6,1179,57.5,,,,,3820,157.434,-3.7,2.9,2.6,4.0,,0.0119328,0.003917
31,Casein,A8,UNM-CSI-2022-IsoCamp 2022-LO LBJ,standards,CN_C80 dilution,2022/06/25 19:41:22,0.702,1,76.5,52.5,2559,106.603,14.7,-1.211,,,,,,,0.0073475,,
31,Casein,A8,UNM-CSI-2022-IsoCamp 2022-LO LBJ,standards,CN_C80 dilution,2022/06/25 19:41:22,0.702,2,165.7,52.5,2569,106.915,14.7,-1.25,,,,,,,0.0073472,,
31,Casein,A8,UNM-CSI-2022-IsoCamp 2022-LO LBJ,standards,CN_C80 dilution,2022/06/25 19:41:22,0.702,3,255.2,52.5,2572,107.003,14.5,-1.265,,,,,,,0.0073471,,
31,Casein,A8,UNM-CSI-2022-IsoCamp 2022-LO LBJ,standards,CN_C80 dilution,2022/06/25 19:41:22,0.702,4,345.9,182,4336,224.288,14.5,6.441,,,,,,,0.0074038,,
31,Casein,A8,UNM-CSI-2022-IsoCamp 2022-LO LBJ,standards,CN_C80 dilution,2022/06/25 19:41:22,0.702,5,715.2,236,,,,,8851,594.562,-25.556,0.5,-0.1,0.8,,0.011691,0.0039411
31,Casein,A8,UNM-CSI-2022-IsoCamp 2022-LO LBJ,standards,CN_C80 dilution,2022/06/25 19:41:22,0.702,6,1179.2,57.5,,,,,3822,157.208,-3.7,4.1,4.0,5.8,,0.0119328,0.003917
32,Casein,A9,UNM-CSI-2022-IsoCamp 2022-LO LBJ,standards,CN_C80 dilution,2022/06/25 19:49:58,0.627,1,76.5,52.5,2567,106.793,15.1,-1.203,,,,,,,0.0073476,,
32,Casein,A9,UNM-CSI-2022-IsoCamp 2022-LO LBJ,standards,CN_C80 dilution,2022/06/25 19:49:58,0.627,2,165.7,52.5,2567,107.166,15.0,-1.25,,,,,,,0.0073472,,
32,Casein,A9,UNM-CSI-2022-IsoCamp 2022-LO LBJ,standards,CN_C80 dilution,2022/06/25 19:49:58,0.627,3,255.2,52.5,2571,107.132,14.8,-1.329,,,,,,,0.0073466,,
32,Casein,A9,UNM-CSI-2022-IsoCamp 2022-LO LBJ,standards,CN_C80 dilution,2022/06/25 19:49:58,0.627,4,345.7,180.2,3817,198.236,14.8,6.429,,,,,,,0.0074037,,
32,Casein,A9,UNM-CSI-2022-IsoCamp 2022-LO LBJ,standards,CN_C80 dilution,2022/06/25 19:49:58,0.627,5,715.4,232.6,,,,,7892,526.796,-25.549,0.7,0.1,1.1,,0.0116913,0.0039433
32,Casein,A9,UNM-CSI-2022-IsoCamp 2022-LO LBJ,standards,CN_C80 dilution,2022/06/25 19:49:58,0.627,6,1179.2,57.5,,,,,3822,157.402,-3.7,3.8,3.7,5.3,,0.0119328,0.003917
33,Casein,A10,UNM-CSI-2022-IsoCamp 2022-LO LBJ,standards,CN_C80 dilution,2022/06/25 19:58:34,1.019,1,76.3,52.5,2563,106.964,15.0,-1.158,,,,,,,0.0073479,,
33,Casein,A10,UNM-CSI-2022-IsoCamp 2022-LO LBJ,standards,CN_C80 dilution,2022/06/25 19:58:34,1.019,2,165.7,52.5,2563,107.115,15.0,-1.25,,,,,,,0.0073472,,
33,Casein,A10,UNM-CSI-2022-IsoCamp 2022-LO LBJ,standards,CN_C80 dilution,2022/06/25 19:58:34,1.019,3,255.2,52.3,2567,106.868,14.7,-1.282,,,,,,,0.007347,,
33,Casein,A10,UNM-CSI-2022-IsoCamp 2022-LO LBJ,standards,CN_C80 dilution,2022/06/25 19:58:34,1.019,4,345.1,189.1,6361,325.49,14.7,6.515,,,,,,,0.0074043,,
33,Casein,A10,UNM-CSI-2022-IsoCamp 2022-LO LBJ,standards,CN_C80 dilution,2022/06/25 19:58:34,1.019,5,713.5,246.2,,,,,12599,864.356,-25.543,0.7,0.1,1.1,,0.0116904,0.0039337
33,Casein,A10,UNM-CSI-2022-IsoCamp 2022-LO LBJ,standards,CN_C80 dilution,2022/06/25 19:58:34,1.019,6,1179.2,57.3,,,,,3822,156.96,-3.7,6.1,6.4,8.7,,0.0119328,0.003917
34,Casein,A11,UNM-CSI-2022-IsoCamp 2022-LO LBJ,standards,CN_C80 dilution,2022/06/25 20:07:10,0.927,1,76.3,52.5,2567,106.809,15.5,-1.187,,,,,,,0.0073477,,
34,Casein,A11,UNM-CSI-2022-IsoCamp 2022-LO LBJ,standards,CN_C80 dilution,2022/06/25 20:07:10,0.927,2,165.7,52.3,2567,106.901,15.4,-1.25,,,,,,,0.0073472,,
34,Casein,A11,UNM-CSI-2022-IsoCamp 2022-LO LBJ,standards,CN_C80 dilution,2022/06/25 20:07:10,0.927,3,255,52.5,2570,107.206,15.1,-1.254,,,,,,,0.0073472,,
34,Casein,A11,UNM-CSI-2022-IsoCamp 2022-LO LBJ,standards,CN_C80 dilution,2022/06/25 20:07:10,0.927,4,344.6,188.3,5771,295.852,15.0,6.465,,,,,,,0.007404,,
34,Casein,A11,UNM-CSI-2022-IsoCamp 2022-LO LBJ,standards,CN_C80 dilution,2022/06/25 20:07:10,0.927,5,713.7,242.4,,,,,11590,786.66,-25.564,1.0,0.4,1.6,,0.0116903,0.003935
34,Casein,A11,UNM-CSI-2022-IsoCamp 2022-LO LBJ,standards,CN_C80 dilution,2022/06/25 20:07:10,0.927,6,1179,57.7,,,,,3830,157.278,-3.7,5.7,5.9,8.1,,0.0119328,0.003917
35,Casein,A12,UNM-CSI-2022-IsoCamp 2022-LO LBJ,standards,CN_C80 dilution,2022/06/25 20:15:46,0.863,1,76.3,52.5,2563,106.943,15.5,-1.18,,,,,,,0.0073477,,
35,Casein,A12,UNM-CSI-2022-IsoCamp 2022-LO LBJ,standards,CN_C80 dilution,2022/06/25 20:15:46,0.863,2,165.7,52.5,2566,106.752,15.4,-1.25,,,,,,,0.0073472,,
35,Casein,A12,UNM-CSI-2022-IsoCamp 2022-LO LBJ,standards,CN_C80 dilution,2022/06/25 20:15:46,0.863,3,255,52.5,2567,106.979,15.1,-1.247,,,,,,,0.0073472,,
35,Casein,A12,UNM-CSI-2022-IsoCamp 2022-LO LBJ,standards,CN_C80 dilution,2022/06/25 20:15:46,0.863,4,344.9,188.5,5367,276.259,15.1,6.537,,,,,,,0.0074045,,
35,Casein,A12,UNM-CSI-2022-IsoCamp 2022-LO LBJ,standards,CN_C80 dilution,2022/06/25 20:15:46,0.863,5,713.5,241.6,,,,,10807,733.133,-25.603,1.0,0.5,1.6,,0.01169,0.0039364
35,Casein,A12,UNM-CSI-2022-IsoCamp 2022-LO LBJ,standards,CN_C80 dilution,2022/06/25 20:15:46,0.863,6,1179,57.9,,,,,3829,157.589,-3.7,5.4,5.6,7.7,,0.0119328,0.003917
36,USGS61,B1,UNM-CSI-2022-IsoCamp 2022-LO LBJ,standards,CN_C60 dilution,2022/06/25 20:24:22,0.216,1,77.1,52.3,2561,106.667,15.5,-1.201,,,,,,,0.0073476,,
36,USGS61,B1,UNM-CSI-2022-IsoCamp 2022-LO LBJ,standards,CN_C60 dilution,2022/06/25 20:24:22,0.216,2,166.4,52.5,2566,106.961,15.4,-1.25,,,,,,,0.0073472,,
36,USGS61,B1,UNM-CSI-2022-IsoCamp 2022-LO LBJ,standards,CN_C60 dilution,2022/06/25 20:24:22,0.216,3,255.6,52.7,2564,107.135,15.1,-1.276,,,,,,,0.007347,,
36,USGS61,B1,UNM-CSI-2022-IsoCamp 2022-LO LBJ,standards,CN_C60 dilution,2022/06/25 20:24:22,0.216,4,347.1,174.7,2499,131.744,15.1,-2.918,,,,,,,0.0073349,,
36,USGS61,B1,UNM-CSI-2022-IsoCamp 2022-LO LBJ,standards,CN_C60 dilution,2022/06/25 20:24:22,0.216,5,718.5,224.9,,,,,5664,371.865,-33.902,2.4,2.1,3.7,,0.0115998,0.0039614
36,USGS61,B1,UNM-CSI-2022-IsoCamp 2022-LO LBJ,standards,CN_C60 dilution,2022/06/25 20:24:22,0.216,6,1179.6,57.3,,,,,3796,156.287,-3.7,4.0,3.9,5.8,,0.0119328,0.003917
37,USGS63,B2,UNM-CSI-2022-IsoCamp 2022-LO LBJ,standards,CN_C60 dilution,2022/06/25 20:32:58,0.173,1,76.3,52.5,2566,107.168,14.7,-1.216,,,,,,,0.0073475,,
37,USGS63,B2,UNM-CSI-2022-IsoCamp 2022-LO LBJ,standards,CN_C60 dilution,2022/06/25 20:32:58,0.173,2,165.5,52.5,2576,107.396,14.7,-1.25,,,,,,,0.0073472,,
37,USGS63,B2,UNM-CSI-2022-IsoCamp 2022-LO LBJ,standards,CN_C60 dilution,2022/06/25 20:32:58,0.173,3,255,52.5,2575,107.463,14.6,-1.298,,,,,,,0.0073468,,
37,USGS63,B2,UNM-CSI-2022-IsoCamp 2022-LO LBJ,standards,CN_C60 dilution,2022/06/25 20:32:58,0.173,4,346.3,172,2062,109.082,14.7,37.347,,,,,,,0.0076311,,
37,USGS63,B2,UNM-CSI-2022-IsoCamp 2022-LO LBJ,standards,CN_C60 dilution,2022/06/25 20:32:58,0.173,5,717.3,221.7,,,,,4706,308.701,-0.451,1.3,0.8,2.1,,0.0119738,0.0039612
37,USGS63,B2,UNM-CSI-2022-IsoCamp 2022-LO LBJ,standards,CN_C60 dilution,2022/06/25 20:32:58,0.173,6,1179,57.5,,,,,3802,156.175,-3.7,2.8,2.6,4.1,,0.0119328,0.003917
38,IAEA600,B3,UNM-CSI-2022-IsoCamp 2022-LO LBJ,standards,CN_C60 dilution,2022/06/25 20:41:34,0.179,1,76.3,52.5,2563,106.61,14.5,-1.184,,,,,,,0.0073477,,
38,IAEA600,B3,UNM-CSI-2022-IsoCamp 2022-LO LBJ,standards,CN_C60 dilution,2022/06/25 20:41:34,0.179,2,165.7,52.3,2568,106.844,14.5,-1.25,,,,,,,0.0073472,,
38,IAEA600,B3,UNM-CSI-2022-IsoCamp 2022-LO LBJ,standards,CN_C60 dilution,2022/06/25 20:41:34,0.179,3,255,52.5,2573,106.957,14.4,-1.256,,,,,,,0.0073472,,
38,IAEA600,B3,UNM-CSI-2022-IsoCamp 2022-LO LBJ,standards,CN_C60 dilution,2022/06/25 20:41:34,0.179,4,346.1,172,2091,110.475,14.5,0.941,,,,,,,0.0073633,,
38,IAEA600,B3,UNM-CSI-2022-IsoCamp 2022-LO LBJ,standards,CN_C60 dilution,2022/06/25 20:41:34,0.179,5,716.7,222.4,,,,,4777,313.029,-26.694,0.9,0.4,1.5,,0.0116805,0.0039624
38,IAEA600,B3,UNM-CSI-2022-IsoCamp 2022-LO LBJ,standards,CN_C60 dilution,2022/06/25 20:41:34,0.179,6,1179,56.6,,,,,3795,156.099,-3.7,2.6,2.3,3.8,,0.0119328,0.003917
39,USGS40,B4,UNM-CSI-2022-IsoCamp 2022-LO LBJ,standards,CN_C80 dilution,2022/06/25 20:50:10,0.501,1,76.3,52.5,2570,107.366,14.5,-1.164,,,,,,,0.0073478,,
39,USGS40,B4,UNM-CSI-2022-IsoCamp 2022-LO LBJ,standards,CN_C80 dilution,2022/06/25 20:50:10,0.501,2,165.5,52.5,2573,107.115,14.5,-1.25,,,,,,,0.0073472,,
39,USGS40,B4,UNM-CSI-2022-IsoCamp 2022-LO LBJ,standards,CN_C80 dilution,2022/06/25 20:50:10,0.501,3,255,52.5,2572,107.273,14.3,-1.316,,,,,,,0.0073467,,
39,USGS40,B4,UNM-CSI-2022-IsoCamp 2022-LO LBJ,standards,CN_C80 dilution,2022/06/25 20:50:10,0.501,4,347.8,171.6,1918,101.038,14.4,-4.531,,,,,,,0.0073231,,
39,USGS40,B4,UNM-CSI-2022-IsoCamp 2022-LO LBJ,standards,CN_C80 dilution,2022/06/25 20:50:10,0.501,5,717.9,222,,,,,5157,341.072,-25.242,0.3,-0.4,0.5,,0.0116957,0.0039527
39,USGS40,B4,UNM-CSI-2022-IsoCamp 2022-LO LBJ,standards,CN_C80 dilution,2022/06/25 20:50:10,0.501,6,1179,57.3,,,,,3833,157.775,-3.7,2.2,1.7,3.0,,0.0119328,0.003917
40,USGS88,B5,UNM-CSI-2022-IsoCamp 2022-LO LBJ,standards,CN_C80 dilution,2022/06/25 20:58:46,0.323,1,76.3,52.5,2563,106.961,14.6,-1.171,,,,,,,0.0073478,,
40,USGS88,B5,UNM-CSI-2022-IsoCamp 2022-LO LBJ,standards,CN_C80 dilution,2022/06/25 20:58:46,0.323,2,165.5,52.7,2572,107.304,14.6,-1.25,,,,,,,0.0073472,,
40,USGS88,B5,UNM-CSI-2022-IsoCamp 2022-LO LBJ,standards,CN_C80 dilution,2022/06/25 20:58:46,0.323,3,255,52.5,2574,107.322,14.4,-1.278,,,,,,,0.007347,,
40,USGS88,B5,UNM-CSI-2022-IsoCamp 2022-LO LBJ,standards,CN_C80 dilution,2022/06/25 20:58:46,0.323,4,346.1,176.2,2208,117.027,14.4,14.917,,,,,,,0.0074661,,
40,USGS88,B5,UNM-CSI-2022-IsoCamp 2022-LO LBJ,standards,CN_C80 dilution,2022/06/25 20:58:46,0.323,5,719.8,214.2,,,,,3609,237.753,-15.08,0.4,-0.2,0.7,,0.0118101,0.0039597
40,USGS88,B5,UNM-CSI-2022-IsoCamp 2022-LO LBJ,standards,CN_C80 dilution,2022/06/25 20:58:46,0.323,6,1178.8,57.7,,,,,3824,157.391,-3.7,1.5,1.0,2.1,,0.0119328,0.003917
41,USGS89,B6,UNM-CSI-2022-IsoCamp 2022-LO LBJ,standards,CN_C80 dilution,2022/06/25 21:07:22,0.33,1,76.1,52.5,2575,107.357,14.6,-1.162,,,,,,,0.0073479,,
41,USGS89,B6,UNM-CSI-2022-IsoCamp 2022-LO LBJ,standards,CN_C80 dilution,2022/06/25 21:07:22,0.33,2,165.5,52.5,2574,107.312,14.5,-1.25,,,,,,,0.0073472,,
41,USGS89,B6,UNM-CSI-2022-IsoCamp 2022-LO LBJ,standards,CN_C80 dilution,2022/06/25 21:07:22,0.33,3,255,52.5,2572,107.354,14.3,-1.287,,,,,,,0.0073469,,
41,USGS89,B6,UNM-CSI-2022-IsoCamp 2022-LO LBJ,standards,CN_C80 dilution,2022/06/25 21:07:22,0.33,4,346.1,174.1,2195,116.044,14.4,6.279,,,,,,,0.0074026,,
41,USGS89,B6,UNM-CSI-2022-IsoCamp 2022-LO LBJ,standards,CN_C80 dilution,2022/06/25 21:07:22,0.33,5,718.3,214.2,,,,,3791,249.219,-16.783,0.4,-0.3,0.5,,0.0117909,0.0039587
41,USGS89,B6,UNM-CSI-2022-IsoCamp 2022-LO LBJ,standards,CN_C80 dilution,2022/06/25 21:07:22,0.33,6,1178.8,57.3,,,,,3827,157.501,-3.7,1.5,1.1,2.1,,0.0119328,0.003917
42,USGS61,B7,UNM-CSI-2022-IsoCamp 2022-LO LBJ,standards,CN_C60 dilution,2022/06/25 21:15:58,0.22,1,76.1,52.7,2568,107.393,14.6,-1.235,,,,,,,0.0073473,,
42,USGS61,B7,UNM-CSI-2022-IsoCamp 2022-LO LBJ,standards,CN_C60 dilution,2022/06/25 21:15:58,0.22,2,165.5,52.5,2568,107.093,14.5,-1.25,,,,,,,0.0073472,,
42,USGS61,B7,UNM-CSI-2022-IsoCamp 2022-LO LBJ,standards,CN_C60 dilution,2022/06/25 21:15:58,0.22,3,255,52.3,2573,107.24,14.3,-1.294,,,,,,,0.0073469,,
42,USGS61,B7,UNM-CSI-2022-IsoCamp 2022-LO LBJ,standards,CN_C60 dilution,2022/06/25 21:15:58,0.22,4,345.7,177.4,2663,140.301,14.4,-2.876,,,,,,,0.0073352,,
42,USGS61,B7,UNM-CSI-2022-IsoCamp 2022-LO LBJ,standards,CN_C60 dilution,2022/06/25 21:15:58,0.22,5,714.4,227.2,,,,,6022,395.897,-33.921,0.9,0.4,1.5,,0.0115997,0.0039625
42,USGS61,B7,UNM-CSI-2022-IsoCamp 2022-LO LBJ,standards,CN_C60 dilution,2022/06/25 21:15:58,0.22,6,1178.8,57.3,,,,,3822,157.335,-3.7,3.1,2.8,4.4,,0.0119328,0.003917
43,USGS63,B8,UNM-CSI-2022-IsoCamp 2022-LO LBJ,standards,CN_C60 dilution,2022/06/25 21:24:34,0.187,1,76.1,52.7,2569,107.301,14.6,-1.164,,,,,,,0.0073478,,
43,USGS63,B8,UNM-CSI-2022-IsoCamp 2022-LO LBJ,standards,CN_C60 dilution,2022/06/25 21:24:34,0.187,2,165.5,52.5,2563,106.984,14.5,-1.25,,,,,,,0.0073472,,
43,USGS63,B8,UNM-CSI-2022-IsoCamp 2022-LO LBJ,standards,CN_C60 dilution,2022/06/25 21:24:34,0.187,3,254.8,52.5,2568,107.288,14.4,-1.219,,,,,,,0.0073474,,
43,USGS63,B8,UNM-CSI-2022-IsoCamp 2022-LO LBJ,standards,CN_C60 dilution,2022/06/25 21:24:34,0.187,4,346.1,173.9,2170,114.974,14.5,37.364,,,,,,,0.0076313,,
43,USGS63,B8,UNM-CSI-2022-IsoCamp 2022-LO LBJ,standards,CN_C60 dilution,2022/06/25 21:24:34,0.187,5,715.2,223.6,,,,,4951,325.402,-0.465,0.8,0.3,1.3,,0.0119739,0.0039638
43,USGS63,B8,UNM-CSI-2022-IsoCamp 2022-LO LBJ,standards,CN_C60 dilution,2022/06/25 21:24:34,0.187,6,1179,57.1,,,,,3800,156.439,-3.7,2.5,2.3,3.7,,0.0119328,0.003917
44,IAEA600,B9,UNM-CSI-2022-IsoCamp 2022-LO LBJ,standards,CN_C60 dilution,2022/06/25 21:33:10,0.2,1,76.3,52.3,2582,107.565,14.5,-1.187,,,,,,,0.0073477,,
44,IAEA600,B9,UNM-CSI-2022-IsoCamp 2022-LO LBJ,standards,CN_C60 dilution,2022/06/25 21:33:10,0.2,2,165.5,52.5,2581,107.718,14.5,-1.25,,,,,,,0.0073472,,
44,IAEA600,B9,UNM-CSI-2022-IsoCamp 2022-LO LBJ,standards,CN_C60 dilution,2022/06/25 21:33:10,0.2,3,255,52.3,2579,107.511,14.3,-1.295,,,,,,,0.0073469,,
44,IAEA600,B9,UNM-CSI-2022-IsoCamp 2022-LO LBJ,standards,CN_C60 dilution,2022/06/25 21:33:10,0.2,4,345.9,175.1,2383,125.998,14.5,1.077,,,,,,,0.0073643,,
44,IAEA600,B9,UNM-CSI-2022-IsoCamp 2022-LO LBJ,standards,CN_C60 dilution,2022/06/25 21:33:10,0.2,5,716.2,224.7,,,,,5404,355.602,-26.758,0.7,0.2,1.2,,0.0116799,0.0039634
44,IAEA600,B9,UNM-CSI-2022-IsoCamp 2022-LO LBJ,standards,CN_C60 dilution,2022/06/25 21:33:10,0.2,6,1178.8,57.5,,,,,3825,157.241,-3.7,2.7,2.4,3.9,,0.0119328,0.003917
45,USGS40,B10,UNM-CSI-2022-IsoCamp 2022-LO LBJ,standards,CN_C80 dilution,2022/06/25 21:41:45,0.543,1,76.3,52.5,2570,107.21,14.5,-1.252,,,,,,,0.0073472,,
45,USGS40,B10,UNM-CSI-2022-IsoCamp 2022-LO LBJ,standards,CN_C80 dilution,2022/06/25 21:41:45,0.543,2,165.5,52.7,2568,107.295,14.5,-1.25,,,,,,,0.0073472,,
45,USGS40,B10,UNM-CSI-2022-IsoCamp 2022-LO LBJ,standards,CN_C80 dilution,2022/06/25 21:41:45,0.543,3,255,52.5,2579,107.483,14.3,-1.306,,,,,,,0.0073468,,
45,USGS40,B10,UNM-CSI-2022-IsoCamp 2022-LO LBJ,standards,CN_C80 dilution,2022/06/25 21:41:45,0.543,4,347.4,171.8,2157,113.354,14.4,-4.615,,,,,,,0.0073225,,
45,USGS40,B10,UNM-CSI-2022-IsoCamp 2022-LO LBJ,standards,CN_C80 dilution,2022/06/25 21:41:45,0.543,5,716.5,225.1,,,,,5762,381.987,-25.292,0.2,-0.5,0.4,,0.0116951,0.0039519
45,USGS40,B10,UNM-CSI-2022-IsoCamp 2022-LO LBJ,standards,CN_C80 dilution,2022/06/25 21:41:45,0.543,6,1179,57.5,,,,,3824,157.589,-3.7,2.3,1.9,3.3,,0.0119328,0.003917
46,USGS88,B11,UNM-CSI-2022-IsoCamp 2022-LO LBJ,standards,CN_C80 dilution,2022/06/25 21:50:21,0.299,1,76.3,52.3,2576,107.224,14.7,-1.206,,,,,,,0.0073475,,
46,USGS88,B11,UNM-CSI-2022-IsoCamp 2022-LO LBJ,standards,CN_C80 dilution,2022/06/25 21:50:21,0.299,2,165.5,52.5,2581,107.826,14.7,-1.25,,,,,,,0.0073472,,
46,USGS88,B11,UNM-CSI-2022-IsoCamp 2022-LO LBJ,standards,CN_C80 dilution,2022/06/25 21:50:21,0.299,3,255,52.5,2576,107.716,14.4,-1.277,,,,,,,0.007347,,
46,USGS88,B11,UNM-CSI-2022-IsoCamp 2022-LO LBJ,standards,CN_C80 dilution,2022/06/25 21:50:21,0.299,4,346.9,172.4,2063,109.374,14.5,14.799,,,,,,,0.0074653,,
46,USGS88,B11,UNM-CSI-2022-IsoCamp 2022-LO LBJ,standards,CN_C80 dilution,2022/06/25 21:50:21,0.299,5,719.4,213.2,,,,,3384,222.918,-15.174,0.4,-0.2,0.7,,0.0118092,0.0039615
46,USGS88,B11,UNM-CSI-2022-IsoCamp 2022-LO LBJ,standards,CN_C80 dilution,2022/06/25 21:50:21,0.299,6,1179,57.1,,,,,3835,157.545,-3.7,1.4,0.8,1.8,,0.0119328,0.003917
47,USGS89,B12,UNM-CSI-2022-IsoCamp 2022-LO LBJ,standards,CN_C80 dilution,2022/06/25 21:58:57,0.318,1,76.3,52.3,2568,107.142,14.6,-1.224,,,,,,,0.0073474,,
47,USGS89,B12,UNM-CSI-2022-IsoCamp 2022-LO LBJ,standards,CN_C80 dilution,2022/06/25 21:58:57,0.318,2,165.5,52.5,2577,107.507,14.6,-1.25,,,,,,,0.0073472,,
47,USGS89,B12,UNM-CSI-2022-IsoCamp 2022-LO LBJ,standards,CN_C80 dilution,2022/06/25 21:58:57,0.318,3,255,52.5,2573,107.618,14.4,-1.282,,,,,,,0.007347,,
47,USGS89,B12,UNM-CSI-2022-IsoCamp 2022-LO LBJ,standards,CN_C80 dilution,2022/06/25 21:58:57,0.318,4,347.1,174.3,2151,114.099,14.4,6.282,,,,,,,0.0074026,,
47,USGS89,B12,UNM-CSI-2022-IsoCamp 2022-LO LBJ,standards,CN_C80 dilution,2022/06/25 21:58:57,0.318,5,719.8,214.4,,,,,3737,245.7,-17.166,0.3,-0.3,0.5,,0.0117867,0.0039594
47,USGS89,B12,UNM-CSI-2022-IsoCamp 2022-LO LBJ,standards,CN_C80 dilution,2022/06/25 21:58:57,0.318,6,1179,57.3,,,,,3815,157.53,-3.7,1.5,1.0,2.0,,0.0119328,0.003917
48,USGS61,C1,UNM-CSI-2022-IsoCamp 2022-LO LBJ,standards,CN_C60 dilution,2022/06/25 22:07:33,0.17,1,76.5,52.5,2572,107.442,14.6,-1.234,,,,,,,0.0073473,,
48,USGS61,C1,UNM-CSI-2022-IsoCamp 2022-LO LBJ,standards,CN_C60 dilution,2022/06/25 22:07:33,0.17,2,165.7,52.5,2583,107.809,14.6,-1.25,,,,,,,0.0073472,,
48,USGS61,C1,UNM-CSI-2022-IsoCamp 2022-LO LBJ,standards,CN_C60 dilution,2022/06/25 22:07:33,0.17,3,255.2,52.5,2578,107.613,14.4,-1.333,,,,,,,0.0073466,,
48,USGS61,C1,UNM-CSI-2022-IsoCamp 2022-LO LBJ,standards,CN_C60 dilution,2022/06/25 22:07:33,0.17,4,346.7,171.2,1989,105.343,14.5,-2.848,,,,,,,0.0073355,,
48,USGS61,C1,UNM-CSI-2022-IsoCamp 2022-LO LBJ,standards,CN_C60 dilution,2022/06/25 22:07:33,0.17,5,717.9,221.3,,,,,4565,299.087,-33.959,0.9,0.4,1.4,,0.0115997,0.0039668
48,USGS61,C1,UNM-CSI-2022-IsoCamp 2022-LO LBJ,standards,CN_C60 dilution,2022/06/25 22:07:33,0.17,6,1179.2,57.5,,,,,3829,157.661,-3.7,2.4,2.0,3.4,,0.0119328,0.003917
49,USGS63,C2,UNM-CSI-2022-IsoCamp 2022-LO LBJ,standards,CN_C60 dilution,2022/06/25 22:16:09,0.155,1,76.3,52.5,2579,107.462,14.4,-1.173,,,,,,,0.0073478,,
49,USGS63,C2,UNM-CSI-2022-IsoCamp 2022-LO LBJ,standards,CN_C60 dilution,2022/06/25 22:16:09,0.155,2,165.5,52.5,2580,107.793,14.4,-1.25,,,,,,,0.0073472,,
49,USGS63,C2,UNM-CSI-2022-IsoCamp 2022-LO LBJ,standards,CN_C60 dilution,2022/06/25 22:16:09,0.155,3,255,52.3,2576,107.474,14.3,-1.263,,,,,,,0.0073471,,
49,USGS63,C2,UNM-CSI-2022-IsoCamp 2022-LO LBJ,standards,CN_C60 dilution,2022/06/25 22:16:09,0.155,4,346.7,169.5,1805,95.906,14.5,37.227,,,,,,,0.0076303,,
49,USGS63,C2,UNM-CSI-2022-IsoCamp 2022-LO LBJ,standards,CN_C60 dilution,2022/06/25 22:16:09,0.155,5,717.1,219.2,,,,,4155,272.511,-0.519,0.6,0.1,1.1,,0.0119736,0.0039674
49,USGS63,C2,UNM-CSI-2022-IsoCamp 2022-LO LBJ,standards,CN_C60 dilution,2022/06/25 22:16:09,0.155,6,1178.8,57.1,,,,,3811,157.086,-3.7,2.1,1.8,3.0,,0.0119328,0.003917
50,IAEA600,C3,UNM-CSI-2022-IsoCamp 2022-LO LBJ,standards,CN_C60 dilution,2022/06/25 22:24:45,0.188,1,76.1,52.5,2577,107.542,14.4,-1.216,,,,,,,0.0073475,,
50,IAEA600,C3,UNM-CSI-2022-IsoCamp 2022-LO LBJ,standards,CN_C60 dilution,2022/06/25 22:24:45,0.188,2,165.5,52.5,2580,107.654,14.4,-1.25,,,,,,,0.0073472,,
50,IAEA600,C3,UNM-CSI-2022-IsoCamp 2022-LO LBJ,standards,CN_C60 dilution,2022/06/25 22:24:45,0.188,3,254.8,52.5,2582,107.605,14.2,-1.302,,,,,,,0.0073468,,
50,IAEA600,C3,UNM-CSI-2022-IsoCamp 2022-LO LBJ,standards,CN_C60 dilution,2022/06/25 22:24:45,0.188,4,346.7,173.5,2071,109.787,14.3,0.906,,,,,,,0.0073631,,
50,IAEA600,C3,UNM-CSI-2022-IsoCamp 2022-LO LBJ,standards,CN_C60 dilution,2022/06/25 22:24:45,0.188,5,716.7,222,,,,,4750,311.231,-26.731,0.6,0.0,1.1,,0.0116805,0.0039666
50,IAEA600,C3,UNM-CSI-2022-IsoCamp 2022-LO LBJ,standards,CN_C60 dilution,2022/06/25 22:24:45,0.188,6,1178.8,56.8,,,,,3833,157.73,-3.7,2.3,1.9,3.4,,0.0119328,0.003917
51,USGS40,C4,UNM-CSI-2022-IsoCamp 2022-LO LBJ,standards,CN_C80 dilution,2022/06/25 22:33:21,0.526,1,76.1,52.5,2595,108.118,14.5,-1.166,,,,,,,0.0073478,,
51,USGS40,C4,UNM-CSI-2022-IsoCamp 2022-LO LBJ,standards,CN_C80 dilution,2022/06/25 22:33:21,0.526,2,165.3,52.5,2595,108.311,14.5,-1.25,,,,,,,0.0073472,,
51,USGS40,C4,UNM-CSI-2022-IsoCamp 2022-LO LBJ,standards,CN_C80 dilution,2022/06/25 22:33:21,0.526,3,254.8,52.5,2594,108.152,14.3,-1.276,,,,,,,0.007347,,
51,USGS40,C4,UNM-CSI-2022-IsoCamp 2022-LO LBJ,standards,CN_C80 dilution,2022/06/25 22:33:21,0.526,4,347.4,171.6,2082,109.537,14.4,-4.611,,,,,,,0.0073225,,
51,USGS40,C4,UNM-CSI-2022-IsoCamp 2022-LO LBJ,standards,CN_C80 dilution,2022/06/25 22:33:21,0.526,5,715,224.3,,,,,5587,370.166,-25.324,0.1,-0.6,0.3,,0.011695,0.0039541
51,USGS40,C4,UNM-CSI-2022-IsoCamp 2022-LO LBJ,standards,CN_C80 dilution,2022/06/25 22:33:21,0.526,6,1178.8,57.1,,,,,3842,158.222,-3.7,2.2,1.8,3.1,,0.0119328,0.003917
52,USGS88,C5,UNM-CSI-2022-IsoCamp 2022-LO LBJ,standards,CN_C80 dilution,2022/06/25 22:41:57,0.269,1,76.1,52.5,2585,107.751,14.7,-1.187,,,,,,,0.0073477,,
52,USGS88,C5,UNM-CSI-2022-IsoCamp 2022-LO LBJ,standards,CN_C80 dilution,2022/06/25 22:41:57,0.269,2,165.5,52.5,2583,107.818,14.7,-1.25,,,,,,,0.0073472,,
52,USGS88,C5,UNM-CSI-2022-IsoCamp 2022-LO LBJ,standards,CN_C80 dilution,2022/06/25 22:41:57,0.269,3,254.8,52.5,2586,107.83,14.4,-1.282,,,,,,,0.007347,,
52,USGS88,C5,UNM-CSI-2022-IsoCamp 2022-LO LBJ,standards,CN_C80 dilution,2022/06/25 22:41:57,0.269,4,347.1,172.8,1874,99.742,14.5,14.742,,,,,,,0.0074649,,
52,USGS88,C5,UNM-CSI-2022-IsoCamp 2022-LO LBJ,standards,CN_C80 dilution,2022/06/25 22:41:57,0.269,5,718.3,210.7,,,,,3084,203.016,-15.166,0.4,-0.3,0.6,,0.0118095,0.003964
52,USGS88,C5,UNM-CSI-2022-IsoCamp 2022-LO LBJ,standards,CN_C80 dilution,2022/06/25 22:41:57,0.269,6,1178.8,57.3,,,,,3831,157.68,-3.7,1.2,0.6,1.6,,0.0119328,0.003917
53,USGS89,C6,UNM-CSI-2022-IsoCamp 2022-LO LBJ,standards,CN_C80 dilution,2022/06/25 22:50:33,0.352,1,76.1,52.5,2586,108.11,14.6,-1.165,,,,,,,0.0073478,,
53,USGS89,C6,UNM-CSI-2022-IsoCamp 2022-LO LBJ,standards,CN_C80 dilution,2022/06/25 22:50:33,0.352,2,165.5,52.5,2580,107.609,14.5,-1.25,,,,,,,0.0073472,,
53,USGS89,C6,UNM-CSI-2022-IsoCamp 2022-LO LBJ,standards,CN_C80 dilution,2022/06/25 22:50:33,0.352,3,254.8,52.5,2581,107.707,14.3,-1.282,,,,,,,0.007347,,
53,USGS89,C6,UNM-CSI-2022-IsoCamp 2022-LO LBJ,standards,CN_C80 dilution,2022/06/25 22:50:33,0.352,4,346.3,177.6,2339,123.981,14.4,6.05,,,,,,,0.0074009,,
53,USGS89,C6,UNM-CSI-2022-IsoCamp 2022-LO LBJ,standards,CN_C80 dilution,2022/06/25 22:50:33,0.352,5,718.3,215.9,,,,,4039,266.015,-17.256,0.2,-0.4,0.4,,0.0117857,0.0039594
53,USGS89,C6,UNM-CSI-2022-IsoCamp 2022-LO LBJ,standards,CN_C80 dilution,2022/06/25 22:50:33,0.352,6,1178.8,57.1,,,,,3837,157.783,-3.7,1.5,1.0,2.1,,0.0119328,0.003917
54,USGS61,C7,UNM-CSI-2022-IsoCamp 2022-LO LBJ,standards,CN_C60 dilution,2022/06/25 22:59:09,0.224,1,76.3,52.3,2576,107.497,14.6,-1.196,,,,,,,0.0073476,,
54,USGS61,C7,UNM-CSI-2022-IsoCamp 2022-LO LBJ,standards,CN_C60 dilution,2022/06/25 22:59:09,0.224,2,165.5,52.5,2582,107.546,14.6,-1.25,,,,,,,0.0073472,,
54,USGS61,C7,UNM-CSI-2022-IsoCamp 2022-LO LBJ,standards,CN_C60 dilution,2022/06/25 22:59:09,0.224,3,254.8,52.5,2587,107.813,14.3,-1.306,,,,,,,0.0073468,,
54,USGS61,C7,UNM-CSI-2022-IsoCamp 2022-LO LBJ,standards,CN_C60 dilution,2022/06/25 22:59:09,0.224,4,345.7,177.4,2836,149.304,14.4,-2.867,,,,,,,0.0073353,,
54,USGS61,C7,UNM-CSI-2022-IsoCamp 2022-LO LBJ,standards,CN_C60 dilution,2022/06/25 22:59:09,0.224,5,715.2,229.5,,,,,6441,421.218,-33.944,0.8,0.3,1.4,,0.0115995,0.0039633
54,USGS61,C7,UNM-CSI-2022-IsoCamp 2022-LO LBJ,standards,CN_C60 dilution,2022/06/25 22:59:09,0.224,6,1178.8,57.7,,,,,3817,157.227,-3.7,3.1,2.9,4.4,,0.0119328,0.003917
55,USGS63,C8,UNM-CSI-2022-IsoCamp 2022-LO LBJ,standards,CN_C60 dilution,2022/06/25 23:07:45,0.2,1,76.1,52.5,2587,107.959,14.6,-1.174,,,,,,,0.0073478,,
55,USGS63,C8,UNM-CSI-2022-IsoCamp 2022-LO LBJ,standards,CN_C60 dilution,2022/06/25 23:07:45,0.2,2,165.5,52.3,2586,107.686,14.6,-1.25,,,,,,,0.0073472,,
55,USGS63,C8,UNM-CSI-2022-IsoCamp 2022-LO LBJ,standards,CN_C60 dilution,2022/06/25 23:07:45,0.2,3,254.8,52.5,2592,107.983,14.5,-1.259,,,,,,,0.0073471,,
55,USGS63,C8,UNM-CSI-2022-IsoCamp 2022-LO LBJ,standards,CN_C60 dilution,2022/06/25 23:07:45,0.2,4,345.9,175.6,2364,125.135,14.5,37.376,,,,,,,0.0076314,,
55,USGS63,C8,UNM-CSI-2022-IsoCamp 2022-LO LBJ,standards,CN_C60 dilution,2022/06/25 23:07:45,0.2,5,716,223.6,,,,,5394,354.363,-0.5,0.8,0.2,1.3,,0.0119735,0.0039636
55,USGS63,C8,UNM-CSI-2022-IsoCamp 2022-LO LBJ,standards,CN_C60 dilution,2022/06/25 23:07:45,0.2,6,1178.8,57.3,,,,,3836,158.011,-3.7,2.6,2.4,3.8,,0.0119328,0.003917
56,IAEA600,C9,UNM-CSI-2022-IsoCamp 2022-LO LBJ,standards,CN_C60 dilution,2022/06/25 23:16:21,0.185,1,76.1,52.5,2578,107.4,14.5,-1.159,,,,,,,0.0073479,,
56,IAEA600,C9,UNM-CSI-2022-IsoCamp 2022-LO LBJ,standards,CN_C60 dilution,2022/06/25 23:16:21,0.185,2,165.5,52.5,2582,107.73,14.5,-1.25,,,,,,,0.0073472,,
56,IAEA600,C9,UNM-CSI-2022-IsoCamp 2022-LO LBJ,standards,CN_C60 dilution,2022/06/25 23:16:21,0.185,3,254.8,52.5,2585,107.829,14.4,-1.245,,,,,,,0.0073472,,
56,IAEA600,C9,UNM-CSI-2022-IsoCamp 2022-LO LBJ,standards,CN_C60 dilution,2022/06/25 23:16:21,0.185,4,346.3,172.6,2171,114.905,14.5,1.09,,,,,,,0.0073644,,
56,IAEA600,C9,UNM-CSI-2022-IsoCamp 2022-LO LBJ,standards,CN_C60 dilution,2022/06/25 23:16:21,0.185,5,716.7,222.8,,,,,4990,326.704,-26.631,0.7,0.2,1.2,,0.0116815,0.0039652
56,IAEA600,C9,UNM-CSI-2022-IsoCamp 2022-LO LBJ,standards,CN_C60 dilution,2022/06/25 23:16:21,0.185,6,1178.8,57.1,,,,,3813,156.844,-3.7,2.4,2.1,3.5,,0.0119328,0.003917
57,USGS40,C10,UNM-CSI-2022-IsoCamp 2022-LO LBJ,standards,CN_C80 dilution,2022/06/25 23:24:57,0.604,1,76.1,52.5,2571,107.335,14.5,-1.207,,,,,,,0.0073475,,
57,USGS40,C10,UNM-CSI-2022-IsoCamp 2022-LO LBJ,standards,CN_C80 dilution,2022/06/25 23:24:57,0.604,2,165.3,52.7,2579,107.683,14.5,-1.25,,,,,,,0.0073472,,
57,USGS40,C10,UNM-CSI-2022-IsoCamp 2022-LO LBJ,standards,CN_C80 dilution,2022/06/25 23:24:57,0.604,3,254.8,52.5,2572,107.453,14.4,-1.3,,,,,,,0.0073468,,
57,USGS40,C10,UNM-CSI-2022-IsoCamp 2022-LO LBJ,standards,CN_C80 dilution,2022/06/25 23:24:57,0.604,4,346.7,175.1,2393,125.205,14.4,-4.543,,,,,,,0.007323,,
57,USGS40,C10,UNM-CSI-2022-IsoCamp 2022-LO LBJ,standards,CN_C80 dilution,2022/06/25 23:24:57,0.604,5,716.5,225.5,,,,,6419,423.174,-25.397,0.1,-0.6,0.4,,0.0116938,0.0039506
57,USGS40,C10,UNM-CSI-2022-IsoCamp 2022-LO LBJ,standards,CN_C80 dilution,2022/06/25 23:24:57,0.604,6,1178.8,56.8,,,,,3825,157.578,-3.7,2.6,2.2,3.7,,0.0119328,0.003917
58,USGS88,C11,UNM-CSI-2022-IsoCamp 2022-LO LBJ,standards,CN_C80 dilution,2022/06/25 23:33:33,0.321,1,76.3,52.5,2576,107.415,14.8,-1.186,,,,,,,0.0073477,,
58,USGS88,C11,UNM-CSI-2022-IsoCamp 2022-LO LBJ,standards,CN_C80 dilution,2022/06/25 23:33:33,0.321,2,165.5,52.5,2582,107.574,14.8,-1.25,,,,,,,0.0073472,,
58,USGS88,C11,UNM-CSI-2022-IsoCamp 2022-LO LBJ,standards,CN_C80 dilution,2022/06/25 23:33:33,0.321,3,255,52.5,2578,107.608,14.5,-1.236,,,,,,,0.0073473,,
58,USGS88,C11,UNM-CSI-2022-IsoCamp 2022-LO LBJ,standards,CN_C80 dilution,2022/06/25 23:33:33,0.321,4,346.7,176.4,2280,120.815,14.6,15,,,,,,,0.0074667,,
58,USGS88,C11,UNM-CSI-2022-IsoCamp 2022-LO LBJ,standards,CN_C80 dilution,2022/06/25 23:33:33,0.321,5,719.2,214.4,,,,,3744,246.305,-15.22,0.4,-0.2,0.7,,0.0118087,0.0039613
58,USGS88,C11,UNM-CSI-2022-IsoCamp 2022-LO LBJ,standards,CN_C80 dilution,2022/06/25 23:33:33,0.321,6,1178.8,57.1,,,,,3826,157.497,-3.7,1.5,1.0,2.1,,0.0119328,0.003917
59,USGS89,C12,UNM-CSI-2022-IsoCamp 2022-LO LBJ,standards,CN_C80 dilution,2022/06/25 23:42:08,0.368,1,76.1,52.5,2583,107.684,14.7,-1.215,,,,,,,0.0073475,,
59,USGS89,C12,UNM-CSI-2022-IsoCamp 2022-LO LBJ,standards,CN_C80 dilution,2022/06/25 23:42:08,0.368,2,165.5,52.5,2578,107.713,14.7,-1.25,,,,,,,0.0073472,,
59,USGS89,C12,UNM-CSI-2022-IsoCamp 2022-LO LBJ,standards,CN_C80 dilution,2022/06/25 23:42:08,0.368,3,255,52.3,2580,107.555,14.5,-1.287,,,,,,,0.0073469,,
59,USGS89,C12,UNM-CSI-2022-IsoCamp 2022-LO LBJ,standards,CN_C80 dilution,2022/06/25 23:42:08,0.368,4,346.7,177.2,2397,126.652,14.5,6.265,,,,,,,0.0074025,,
59,USGS89,C12,UNM-CSI-2022-IsoCamp 2022-LO LBJ,standards,CN_C80 dilution,2022/06/25 23:42:08,0.368,5,718.3,216.3,,,,,4152,272.978,-17.189,0.3,-0.3,0.5,,0.0117864,0.0039588
59,USGS89,C12,UNM-CSI-2022-IsoCamp 2022-LO LBJ,standards,CN_C80 dilution,2022/06/25 23:42:08,0.368,6,1178.8,57.3,,,,,3827,157.583,-3.7,1.6,1.1,2.2,,0.0119328,0.003917